address,cap,partner
0x75f7f3569CAbe54eEAF28fc1f6178B22193F69D5,1,true
0xe1bdFF947510a8e9623cF7f3c6cF6fE5e37C16b8,1,true
0x2f8ad3A412BC50896dC1cB163095e8Eb72e0DB6F,1,true
0xf2DB455EA55fB0DB4854402c614E163A82bD9492,1,true
0x38E3c92a543ed6C87eaEd33bCba04B9d30291220,1,true
0x94583b40Caa9CBDfe07b72D7F22Fb9A53F4F8586,1,true
0x33941c8C3C773aaC7D2B8359F685b28127b8bcDb,1,true
0x7FEaD2800F7fB3492aBA499C3a5423E6A1e786Ff,1,true
0x2e15DBb547Fa71edF46f406db180F50AE72b3472,1,true
0xD3b52a5CF36434eDc77bb2bc0a4478Ac8E61617a,1,true
0x34231a6b9a27dBF7295989952673B34c405bDb13,5,true
0xc767778E9B7841C029966f05B9762d3342e0510A,5,true
0x73459d2DD83FcbB49A115D35D0BC98159B17De42,5,true
0xaBCEFc06d23f20Dde941fA77779Fb486664B2bF2,5,true
0x807fb817247cfC3b5984B2C698e4addA174D49f8,1,true
0x8fE03EC491307A5d8962cD8b7Ff1aC25c70A85b4,1,true
0xbfFf9fFfF8462BFF5Fe37f40dF10559A4372Fd56,1,true
0x1A3F38eB9fA7257d86671223F092Ad76cC53DE21,1,true
0xA1Edb97A33b5718D2633b6ee144C8B5abfaE0b63,1,true
0xc11B328f29dacB5C691f9E991647b981b6ad5FE4,1,true
0x8c583eB83d178dCFee797f434FA48a6121413BF9,1,true
0xC680418C513fED5c3C0b460c6170E0c581D7a393,1,true
0x4E4A8e410E2b550e031bF2a940532CDA407cB005,1,true
0x09B7d8d0EfAdA60f4e3dDedd27A519C78eDD8157,1,true
0xB490C548fb6Ab1a296A5a09a8006797CcdC7072D,1,true
0x99e866eaE7fCf07ACaDf818A5AD22c456Ac95Fd3,1,true
0xaF0606C779062b1C8F2eC52Bb8bbfB6Dc8Fecb78,1,true
0x3B44dCbc6EbdE6c5D37b95E806f73aa38797cF51,1,true
0xB0D326D82226E472969705C9Ec319434c3088330,1,true
0x7d809e275339bc698746B88787BADFc613e080f5,1,true
0xeeE540fD4e5997B4E9379f4a90BA6964D2842022,1,true
0xff8EB4940300A762F7cb0DE23b8C3A6932034F17,1,true
0xC4d86336F46bad82F30Ad97C94AeaaD68f95C0D2,1,true
0x8630915f01Ad49C9cD38FFFf38932d3710519ec5,1,true
0x2868E66Cc9eA304F9ABFf50351DEd2cC26623e47,1,true
0x633C654227BA653c940344BBCa286E0F431FFF47,1,true
0x8a2F408F0AeE7C1555E4CC52602f6C70908be6e2,1,true
0x305b30f77892e93293CBf63135dC27f4E0B27106,1,true
0x9e4d9CD5C54006e8cF7a4Ba2d7Fdf4d7ccfd1542,1,true
0x636E879c08563C95bc2dC3396610bc74031Fb898,1,true
0xd264105CD81f3350174e1D82BEb06d912B484cd8,1,true
0x5E232591dD398062fd893d03B1525FA1848d569E,1,true
0x7A954fA29BB509EFf8dB17902447e96789306d19,1,true
0xDa28ddF14Ec309F3f506315Da623618F8D829F10,1,true
0x7C20200a202C125c51F1C559fAec845cf947D348,1,true
0xf2A9FD844DFECE32598B50f77482BD70B178A90b,1,true
0x1dC028C52C9c0a6cD09E7E100182aBcD1093eeCe,1,true
0x7eC39A3a812Be775A48663BD7bACfDC8dc1244e7,1,true
0x42e4a9B438A419c5B6996f0c0Dc63686Cc3943b2,1,true
0x1Cd08b09D0173b79b500499705114C6Ad151901D,1,true
0x74d44DFf0291D9145b0EE6AB7cc454e2B6183c90,1,true
0x1Ed8CC6fa7F7677972c5cD33d0DD393C456E1709,1,true
0xD11c519d67A77d2f1F16F0760e9921aB0c0dfe51,1,true
0x50c73fEb35aFb06514afff6A3e8e4C44Fedc0807,1,true
0xaF4DC81887d903cEEABDAB606877430383762A08,3,true
0x11225c574c0F68649dD4a30509efF1a1D9f7dE8B,1,true
0x06Fb854248A6B6AF9CfDd9844fc500A2a9d0Db88,1,true
0xD23aAFb765d10e53850E2338ac6883EB1f693291,1,true
0x7ec056dFdE1Ade1dABebf7c4E6ACA5CB1D7a9e52,1,true
0x7405Fe24003A50e4f4117D35E9b5a9f5E512fEdE,7,true
0xf34C06cd907AD036b75cee40755b6937176f24c3,5,true
0xf9fB94327D7998555B5Ad02d4745ffd219C8fE3A,5,true
0x73046a70f5e5B845b7e095F071ae4ef3a3Ef7B0f,3,true
0x0909E0D664192E12CFcbC036CeE2b4865F5EA76d,3,true
0xEf5a9C093e2395249098b032a3E77c1fBa6e427f,3,true
0xFCF22B67c90Cad767E5DF5bf27e8A896c2991927,3,true
0x8108A711714D19B13355c8A02338423bCD9583dF,3,true
0xD313092715cff1e04785A3394079D721358616f1,2,true
0x4fce87521b80E72924a43a08516dfA484fD1B712,5,true
0x2cFae776F0749A56542B83B48515d472A7020367,5,true
0x176B9D2A4f3Ee603d8693d22Bf9a2c04A48FBF13,5,true
0x266468e75F13a4383c9917Aa564A30FF9eD9A7B6,5,true
0x79e66DBE533Cc4A8575A5cF3CE4C1E7D1e207A27,5,true
0x1ba284e2CC8aa6944Cc09A070d0CaCEC88186097,5,true
0xf7A67c39dDA81d47c2B4c7Cc40e16D8605715a95,5,true
0xFF6d608fcf0350a0eE098f913FAFE84E4574a851,5,true
0x8A9D1E7f99ae091721b59dE9D9eEB6050bb14a6E,7,true
0x6ea61f2577202470e44cA8751eaC98bb246FFeAF,5,true
0x29DF11B581FD7BA6a0c629F74c057118Fbc89439,5,true
0xB113373D29C24ee556760BDEa1eEDB7f0A3f6d62,5,true
0x43E27b6323292c420238AC58ec5785a2D65506EA,5,true
0x9a5b492969F3e18Aa02B741e9A6829bad489B488,5,true
0x7bdc4C47C7A47bD2a0BF533da7e29eC0D6fd5e68,5,true
0x900de759C4f6fB631967e8A802C7eAadEe7ac40C,5,true
0x32C885bE90c431ba30ca7936dfdB0969793bA227,5,true
0x11213207f46167d2dfd26941E64C91d25C92cB6d,2,true
0xC0E19B5E751Dc1c2f70b1E7A9d154fb7DE5837fd,5,true
0xA48e2D62dBdf6E10eB724134814f2FC9A2e40b01,5,true
0xBD6F210A624a792e7d30A2F7591Dc7Abce2F3C48,5,true
0x035a6Ef9b70D4e65c79aC4b1595B7A7691a9Ac25,5,true
0xba4B4817C6e63ff4594B27AD9A43F2f429c93744,5,true
0x64BE84A02670E5292cD2F594C8bc138e3db1D4F3,5,true
0x6C62c0f8EA6F74e208D86BF11e4c3925d79D972e,5,true
0x744288C6478A93ba32fAc31288322Bb0074b9650,5,true
0xC34fE4a04eb2017AdE8C0FcA54d8dBe555526156,5,true
0x79bc472755777eb40A6675E8ccA2d5B11dD8Ad2a,7,false
0x2fAA545545138440D63af2ad2BFc0C7Afc33E2b9,5,false
0xE1d7c0e2A29E72F26A864BC5BA4037A0966655FF,5,false
0x7958bbAB0a32DF595B814B50F27681ce42787bF2,5,false
0xa4874bC70529DFA95c2692dDC62BDC64C8755C26,5,false
0x3e1eA1387E5Db9997229D458e1501f1C268B97D7,5,false
0xbb5B663D8293E08fDD658806fd24389055cCEB3e,5,false
0xE58D7518F4015BF18dd7Bd8c204B4cAcBD7BfaCc,5,false
0xa092f133e648F3bAF48D3a7449e8E80844041dFb,5,false
0x20fA4b30B6e62bad81C7A4FA8A236a9d32404A81,5,false
0x001fAF7F385307A76CD00585b1B26FAf52AB1899,5,false
0x4A5f105a1D77077b646100BEc2e46a976Df4Fc85,5,false
0x09fFAAa4F845797924DB7f4A40674D80bA252E90,7,false
0x2Ac62acae8d027C47004cB15c45BDdfbd9256386,5,false
0xA20C3C14F4d77eD780e60333c58350439c70D1DE,5,false
0xda21dC5e01ef214aDF55124Fcc0b310c5832191B,5,false
0xe57f3ecc35ac0F906B8A893982B4ec32689E9CB6,5,false
0x16E258593a88a1d71b3A8195F53230d09A473A50,5,false
0x551b2828465F23191b6A3A0a4695fD43485A66dd,5,false
0x278B4f3AaFc3d731613Db41c9dE0e43D57Ea0143,5,false
0x445bf309C5E4D2f6Ab11d4666278E61F6EeB1eC8,5,false
0x86B0ebc4F5dd71AD5ad37255681F6dc70e79D0F6,7,false
0x94Dd3BeEA23a62EEE53a52e7Aa3D049BF1F45056,5,false
0x2A57F1f6f28cdB1A5F75BdC8D6E774250b2F4Bd9,5,false
0xc969cb7E6e2c53a3cD29D62ECC874c354F3E2173,5,false
0x9eB4886A183b0F8cB25dA442D8E057A121B8bf4a,5,false
0xefB92101F914FAEB398AF08E4bd5E83B974211C1,5,false
0x5804aF503c29B2373B84fEa821ccC60D7B46283a,5,false
0x13103EEd0447B5394F8aA45D528a0859B5025B77,5,false
0x85D30b3246162D806e30C09ff008DE8A83F0B69d,5,false
0xE6086edc254335C00FC9129ED704EF936eB2D2B9,5,false
0x72E87b76F25f70F73579a8407B32907aF19e3cC2,5,false
0xb0dE2b149cE8Ec83a189E87054c181627ae500fd,5,false
0xaB2f8209b6fd053F1D4E67F33e456d90367C2487,5,false
0x3A5cC27b8F4c45c3e7e6bbDCB1C1650D7751690e,5,false
0x7f4A042DD65cEFE74552c63Cc0221c18DBb43e21,5,false
0x099E7DCc00377117DdC33fDA63a7B2C095d0FA6d,5,false
0xA9A019eAF3120a06c7C91cA1cE8B62f0C696c94e,5,false
0x9adD6f8C7844F6F78C94308F21bFFF46fb4a5Dda,7,false
0x70Fed778930759bE1c5F9D70D09d1186a417554A,5,false
0x90422E1dA3A90B0cd80BF9Af5a59AFb4E001d892,5,false
0x7A50D455eA44f34Be96AEc0426D0ADbbE3D84637,5,false
0x4Dd2EC52F8026551A3E90531A8B17B08e985C289,5,false
0x4511Bb53674418Ba17706fbD3C3fc5ff0B41d994,5,false
0x6fefF91951bB5D3438c37f0Ad6f9cBb3900808Ff,5,false
0x6131990F64EEcBEE453b65B225B9094EBB3a2612,5,false
0xF488ca8C235BCFfD67394D21ecb9c90242D79535,5,false
0xfb4B688e5Ad04875338d30576B1e91C37c0F1612,5,false
0xD2b2ffB828406dB86C242ed8bbC0D7D53394fC2b,5,false
0x721030f47f80a76022966b02bef3967a687ba004,5,false
0x85b115cD51AE6D1440AC77b84EF13C983e647BE2,5,false
0x89AD8677fF1b81D1006Cc306b06eC98c40478ab0,5,false
0x87Ca25e40F4D5144A95308c28bC981549227BD9E,5,false
0xD413c5f4C0F63232fD6e4edf24eA6fCCdA070308,5,false
0x8144868D16512C0026879B26b9A25F1E173b48cB,5,false
0x738FE23bf4Ac408905e81BfAB46B50d9668111df,5,false
0x29eF90c1E8c26c25E40c7a1E605DdCeBBE4ec23d,5,false
0x23ee739530231e7aFF44A386DcBab639a6C04c92,5,false
0xB51DE0E1FE4514249049C0acB34D665C6C37A515,5,false
0xF154048CD8efB1334Ab4b0226c1437B034a9e19b,5,false
0x83A9F3bD34fcf7bcCf4Eb030dC5245f2A4e0faD3,5,false
0x104Be7518A497a8924BF2D3dd04f03339E9f3841,5,false
0x1ec552C412B6F05d0134D9E7700F00232D53B254,5,false
0x5488aF0bFD339C7b215C0ef6A9fD92De9F800AA6,5,false
0xB71c8a01d16483a471B883942f8B6ca99784e5a6,5,false
0x18f004EE4C9278fc5d02fBeBecF64e7d0715d4Bb,5,false
0x91A868960Ef533a3343ebF57BD0ea08DA661366E,5,false
0xE3D9559f230d46d27844A71B367231b77511BdC4,5,false
0x7636Dd3007014443D4b81C7ca9a302Ad14D39A93,5,false
0xBe2603A8b623F051F0C53fF2aaB2237fc81B6aEF,5,false
0x33B507FbB0Fb83D20759b8a32DbAaf3Db4BC5a50,5,false
0x075661DfeeB9c4856Ced301626DB18e6E5305f68,5,false
0x1d5873959d3D272e71DCE72E9D4d7C1D27d64C2B,5,false
0xf27A9B0De3Ff88139F60C633F7076eE0D2bca50E,5,false
0xf30e89f30764b089216f10AFA3708f3b674E6a5b,5,false
0x488Bd77bE462D7d05FC22D0e34E3354CE0C7e09A,5,false
0xd3022599033430bF3fDFb6D9CE41D3CdA7E20245,5,false
0xaF23708C4DF15797876Dcf5efe342a8FE3665727,5,false
0x9d5252c7a89b347f249cfc5f1729Da505d1ad568,5,false
0x4A85555C4B1497E68cc2939D4D840663ce4f9400,5,false
0x8ba9166819B417d9d4AE9ec3E370bfDAFC58fEf8,5,false
0xE4AD78A8220ec17bF2Bd433Bb04cf1F39B9410B4,5,false
0xb704B32D4a523890E817ecab90f4a1A4EA2B397a,5,false
0xD9E986Bd44512CD2c0De4844ef902769e2647F4a,5,false
0x9c0a720a4d2Aa5aDE4677Ea97E64e2773d4313E7,5,false
0x6F1D7Bf08304e1Ef6955bc1ddcBDce2073dbe366,5,false
0x06e669e9E19D4FAE54171326A11105F4FD12BeDe,5,false
0x6c7Ea0C4Ff9f5Bd8Ba258c0051A5b4e391921Dce,5,false
0x33c2127a98eDec03453657E575e67c6EAEa6AD25,5,false
0x63aBd9a8C6F4035adCD7FE3a5ce16f966276aeDa,5,false
0x3985527116EE6f7F2489572ada2EA1d4f4110F88,5,false
0x2CfD36dCCB5f01fb5C3ACe1ae26b585eD8bC5Ae7,5,false
0x44FF9Fb48523C94e2E60965C6e9869D4d9e5DDf5,5,false
0x5443eEe1b9a93338eb980d228c3E29ac76f6EC2C,5,false
0x5d12986d86a186372De42A155f0c5a83fD88A7CD,5,false
0x2EEf40759463Bb1c380915DEcc6580fB63dA9550,5,false
0x011596798fb59dDf7fee604a8a07097eAf341520,5,false
0xcF845Ac969829c55B7Bc2A1a709321727bC6b96f,5,false
0x8cFb05601613eD79d6758F84c17987265B782112,5,false
0x7C8EB155328469260D8cECbaa1e8f5d6d97177E9,5,false
0x6bBD192BF3C55eD22c69338a78EcC9CAb2936829,5,false
0xA63C873239011809a175E77FdE742BBD6baBB8A0,5,false
0x0d909F81F143e5802A191e046ebe0B7721871193,5,false
0x8e9359cc0cC3EF8b5791c7855e8991e06D7b7104,5,false
0x303175c889263D8fD7Bc95887a0cE92A93AEe671,7,false
0xDb5D099a6d2f2BC090Fcd258CC564861d552C387,5,false
0x1a7edb392BFB110C9Cd4d534F3d0eDbb246D8B04,5,false
0x8d0342a092AE7708fF520788b365c2647EF477A8,5,false
0xE86a42D43f91154180D014C659a60b3FEb2a8633,5,false
0x90a1AC797c65259B9Bb07afCe4c70b2522eb4014,5,false
0xfE10B37857AB6AC9EC5a81d7306e8A522b8e2f2c,5,false
0x9695cFDDEa925e36Dc656dD2d078019E14A95ac1,5,false
0x704B4772988bf36F01a541Ee389b442b96DDBb2E,5,false
0x48888147B340DfF37c5E5229C7545455f9Bf0290,5,false
0x205c726fe98b962530acd54c57efd600f6aafd50,5,false
0x9Bd4b05B6F3cD3778012f72C16c42Fd0490CfB3e,5,false
0x1CccFDBaD92675f7212cb264e4FdCbd8699a81dE,5,false
0x5D8c4Ea57b8607cE3D3E220574e291Ac98797e9A,5,false
0x5fB998B8024E38867558fD5E2b87B6D13Da730f8,5,false
0x2a881F5c9bf385621f1ba9E5A26EB767886E1705,5,false
0x5B233b30E76A14af05227dC9c2E355199936afC4,7,false
0x3Da7DF15B010216B94eF7f7bdb60D6dc9865EacD,7,false
0xa42ACDaf9dDaA5247Fcb5d83b4A40cbB36f74A46,7,false
0x2Fbda14ED372521729Eb25A28f6050E0D139c0Af,7,false
0xff5789421421791416B8D5e7BC4d6dfDddBBcf5e,7,false
0x6F2D749f7e3eDf0954b886D85722601210e57d78,7,false
0x9B872C93FA98B0cdEB43C594256c4565a425D8E7,7,false
0x0654AC1771AB49bCD3A38d37e38e335A1cb5376E,7,false
0x6c250E3169c7B0d986A088d85f0A445dE7125589,7,false
0x1C54dae56f561dD228664Ab3B30a818A4A0bDcF1,7,false
0x7E3bd86a92F9C47e9cd140638e56C71a33a3F09c,7,false
0xb4E7A9b3b53435568AAA1dc7b8217c332C901bb2,7,false
0x2C2c5EC9E91366837527289184A66786B29Ae5dA,7,false
0x04a5B0C2D8d2C27d2A31853112eaEf5393A506f8,7,false
0xeab0C4BCE314237289bBa629adB59b9a5d11420c,7,false
0x5a960658f9A412f760f996a8a461b590Fd8BdC11,7,false
0x94B4988e7acf819eaDb964440975545Db60d673F,7,false
0x8dd16D516857269FAE77A06D43a4983fBb14178C,7,false
0xce60561E65b41313beD19650907c7941eEc818Fc,7,false
0xEE5FcC52cC198eC121015d9B8Ce82F6bb48c1BA7,7,false
0x80e8CD27F04d95D3338b760700Dcf57d7deA6Aff,7,false
0xF408596d91E26c19346Da97a0fD6ABEa8112c264,7,false
0x523555fc54Dea94614d1d16119525f5dd7CDd1ce,7,false
0x9eab5bF6306550DC7cE5c34CCaa9e8Fcdd8c10C2,7,false
0x0f338eB4e876F552B57f57d34577170067183387,7,false
0x70556ad75D06d97bc0921A3C62653E3B4004437E,7,false
0x2efe273a26021eBad0BD1F74FF5Fd12128460077,7,false
0xF3613A21846704343Ab0b646B7fDb33d48bB0151,7,false
0xd5B07319d4c301559312953e9CdD58594fdc2C70,7,false
0x0A82a135B775d93A63f0CC714A57e76510eb7d9F,7,false
0x0D502A405a2BAD5E2353CDb037BA4F1e5f604568,7,false
0xB26BB26Edaf4796883A669b831CA0f3D6db9346F,7,false
0x72Cd1e099aDBFc1B767FBB5A091EA2ae7C713592,7,false
0x9CFD13fD3E55418ecF08a4B38e07f530683b329C,7,false
0x21454Dc7cf4FD78cCd66AD632bB7fB30C9BeDc6A,7,false
0x1C2A04e07C6De979aDf1897A8E088374bcf225B3,7,false
0x833d3e87434a646fce94fCCC9afD5dc84714D68e,7,false
0xEbf5feF7946d95880f4d1B298F70F7F1bF552a9E,7,false
0x1F69a3bB945A33716128a9C277415F5a9C87bc23,7,false
0x346c94cEC7cBdAa12253C4959e382Ca8D1aBBB94,7,false
0xb5017C6CD09e55fd8461ed10b6b03Da67798e99d,7,false
0xFFE943AC92171CD5842d219F43840291C598CD9A,7,false
0xC52FFcAbbeACf8153f58afF5a999F9f4166FcbAE,7,false
0x13a881D54b975409ff64fdB48ecA99f1d9063559,7,false
0x848B77b0F0b89Cc7515629b36DD2702b711A55bc,7,false
0xCabB179ca4f9360e4761121A2363a3AF5587B1aA,7,false
0xb1527139e8033C914be5D6B101753933C178a3C4,7,false
0x9a90eb32c4fB9045b3254974d781673cfC4352c5,7,false
0x3aC46EeD7dE7ad93cf0D4A6F2e4413509186cF97,7,false
0x494168DE77f070A25337279718Bda190Df958d80,7,false
0x83882460157B1a14EA50A7e47a992aF0BEAb9331,7,false
0x7cD38139eA0bB92937e061cb863FB1B4E9f1Ba4C,7,false
0x2119a42aFb727a1131D337B6a178c94BC2851825,7,false
0x3B14f458f25E53eD9337db2417120A2CaB4bE17B,7,false
0xC2E4FA63a830bC290e1Cca166fb8998e96f2F589,7,false
0xAb44c02159E6F9Ec4879eE94D6e3964dCd4E376d,7,false
0xb13deE4b3F7487aF7aC054A841e5656Cfd065f82,7,false
0x37f6813D46c3B94E49E1F8f4aC28d3837E08ED45,7,false
0xEC9ff8e24cBF6055d9Eb4326dc7e59A78E9a0a9F,7,false
0xE8Ba172DaBef8091402545Fe3C3aF170c47fcE7a,7,false
0xa034fdddb39e21467dfc84a737d03f1644ddb11f,7,false
0x2cf3bD6068b91727AbF7235637eEB0a592dDe552,7,false
0x33a0f55B81911f777c0aC18d1c9Be6d2f846bC7f,7,false
0xe303E65Bbfb22D4217F18c32A7f348F3d940864A,7,false
0x527dDa827f0D0B140fD4294Bc2F0B1918FC805bD,5,false
0xeE81F6B34149128c3Eeac83FB1e41BE6F7C0b308,5,false
0x1f8d728bDe86570255b09C467B063Dd8484120Fd,5,false
0x80AB296975cB5dA595d28C782Ec88dB767925D19,5,false
0x4C651C171b0f1439e0355C48c84dD278a969F296,5,false
0x4cE6f62661B68545eab727848B0f175B9C80821B,5,false
0x93C323d26D21b073472ea5E9Bc1325cEEAa109B6,5,false
0x975465FC554CFB7631BDC728D9B18aBb0da71995,5,false
0x036863A5A05c5A7EbD2553824Cb040aAa2a6D687,5,false
0x5Ca4266d522C2e4b0367b746622e5E9E707348a4,5,false
0xC0C8263eb9978ee34D222a1C4f6FA3258A08fF3e,5,false
0x8734D3047477F2d49A6643311d061C982fE29e9E,5,false
0x06863E32fb7F5C3D0515FCA55d6f8F2DB6C0341F,5,false
0x2c21fc0321B0b6629301Ca930B468F3baEaAA985,5,false
0xF3E882291A4d7B85040562EFcd8730eDEeb8dac4,5,false
0x9ff05Dd1b6e586ee87EeCA0eBC5ac9237d425671,5,false
0xa844f90F686AdCf56c199Aae560031DD669e8123,5,false
0xb3478EF163Efdd085d2f43a5Ce880F801F84FBc5,5,false
0xe1512f636A051aa89c76d46e9a2CEef61986A9C3,5,false
0xd39065B385fF9cB55cd4074bCFE4c592a335e2A6,5,false
0x7b4d020f643db9eB93742996ca7dF9848ae3A252,5,false
0x2051Db94883Fd4bCF17Abe90f11b11709CdC5a1D,5,false
0x85855169309155cd4b4A769920B33f531360F229,5,false
0xEE4EC7bF45872F28dA65081ebb09a92e0A777d34,5,false
0xbaf0Ea17ee1E90E6F19A7a68808F867d7d7f94a6,5,false
0xAc41F6B9aecE9196baFA6DBD35891D270DEc63F3,5,false
0x286A2bb7a3bb6a785D3F77ecF17CE3c480e2f3a8,5,false
0x283B9648C82432AfacA1fa8E52fB62305461AA3F,5,false
0x6c06A6227Bb8051fadea5533385b785f86e7cD74,5,false
0x4C5287834576F7f1F3732FC2dDDEF2d2Db3fea53,5,false
0xe8Dd52667ACa4c279c04d1278dE6507431CE0479,5,false
0x04cCafDB49Fa5961eC55c234a005E7663CC2eaaf,5,false
0x89FBD89e67509e7AcC2110a24b72B74f6EB81BE1,5,false
0xbf2c554f92F42aE552eeB0272DbaeB345f858C54,5,false
0x69FaA89E5616a0062C307727e2a9CCf1a3e383cd,5,false
0x14Eee6fA252c5107Cd75461A0Bc4c827f4aB2Ff9,5,false
0xda84396166Dde02c6E547C87eF34c94563a6AA35,7,false
0x6eABfA4A1177aaC6b021c7F1df1bc9864C75e754,5,false
0x0902eb3661D8EFEB5ad951e893CFa64298905b88,5,false
0x70b5447342562F70016EED3E12ce28B4af4CD78F,5,false
0x6312f0D37CE4456f8D745DF4F5072391eB8fee8D,5,false
0xFdB968673Da57A2A5f8Ac05dAbfd66E965170Ee5,5,false
0x445DE5F15a7f62360b9886cC559A487A49AC56fd,5,false
0x4D8F2e13735d623229197103744AEB09EB8Cf1B5,5,false
0x4677a64Fbba14e133B8bbAB540595e9673bB14Bd,5,false
0xf1f1adC9C69fd10572E24de186835658274AFEC4,5,false
0xAA381E2E922921e1300AEF954A4D45D6895638FF,5,false
0x84dC638c5e9b7EBB22572919f95237032dd69B52,5,false
0xC9440b7AfD8591be0756971D057fa463f0e1eF3c,5,false
0x687B13e998e7AC13D6A40431e29F37361A62eE5f,5,false
0xeA2327A73b9F6399A4974128C04AC2b89f1e39eA,5,false
0xDdf5Afb04abB610D35D49531C79D532084f71489,5,false
0x069414D4F4C78d5C185dFBEE5A12e2FD4EB3960D,5,false
0xC89D096D9652899B3BB0151dcFc6aeC14824FC76,5,false
0xbDd5D94E6463cF1683083A60774B38E7f3BC42B2,5,false
0x526FECF1506F78793fA49C91B7047A6Ee0B71f5a,5,false
0x628aeF3Aa92bf99fE94Bb33cF4972bFB9A152939,5,false
0xcfc83E544451425f4eE8F0567DBA1cC0434178E1,5,false
0xe4F3845d8fC5fbedeBfAB5E1b600FBe4eD57fad6,5,false
0x65Cf289939D50855006259a921465f055C81a849,5,false
0xbE68Ef894C4a081a4b4a99fe7059232Deb64B96a,5,false
0xA7B66856b34BC50B0d52944dD1697Fe0F5702F64,5,false
0xf1838E94D0deE446a74C309C69B7A90dB7E711B3,5,false
0x952d90403D485D2C1CD9477dfcd64278b1979c0B,5,false
0xe966E9D9F3F7a69B7bd826f0E7a6BB6DEd7d337a,5,false
0xAC094F4409f4F257773379Bcc96C4D75EEf38637,5,false
0xB040343E31B9E7f5b996f7a3991F4B4BcFa28437,5,false
0x89f2C064a1e1ee5e37DF0698Fc95F43DAAA2a43A,5,false
0x80c6108A451D09A7E49B2CE021DCedf8EA538b56,5,false
0xE254418CfD5602942C8E44F858AE31370B82Ebcc,5,false
0x63294F76dD7E0Dd78fb3c430281B2DAE494EC926,5,false
0xca6a1E0eD10E37A088ecd0AeFD9633496D69BE8E,5,false
0x5560C57b35754A4DF8169601c74555075336a84D,5,false
0x22CFb7FEE88764983CA960D60D5B43dD28499Aba,7,false
0x61303eCDeAA4F6328273C5447B15327D7E3Df7d8,5,false
0x98CC9fd8B9aF3Ed207d977400626D95E38200bf1,5,false
0x82e57733DE175472cCC4a49b07ba4912Fb9Fa873,5,false
0x59604bee5568E13a00d7Dc92eBF78d368A22e226,5,false
0xD1057878AAF096d81d05E71dD2Da79E2070495b2,5,false
0x8689b06Fc46BC46AE799F5e40Df0979FA42d65e6,5,false
0x93f3a5513CC83F50b48E14b896339235D99dcFc4,5,false
0x7A6F482de0Eb98445F693Be46EA46EFd67A6dF51,5,false
0x19f6e6244165139195209cF91314e252857F8E8C,5,false
0x14aC207FC81FF3E853f81322188fB30F224893Fa,5,false
0xbaf10da8e75f24A49b1aaBf24C5BC2d69211B03E,5,false
0xEBf8bF958ADBe561a3f3A0B91cD97198a5427741,5,false
0xEcB2513B9C66f4Bb39988A22Debaa683F4FdA38f,5,false
0xFf68967f89396c0b3acf61CFf771f40a8489f0F3,5,false
0x97E8381feff8007044A0Ea77D95f9ebe8F893893,5,false
0x9dFdFa92227b31f6C4521Fa701B0e4aF0bb7a92a,5,false
0xE4B0a3e46E8576A5673FF93517E8244Ac88f0fE6,5,false
0x3e0C2f403074905Dea3C20409D55346f3f30A582,7,false
0xa53fe83FC19acF5E68469979099Ad346c075d2ad,5,false
0x7c890493d9600C6e61C35b6063BAaE4A0ee30D4D,5,false
0x430A12808e10f7ab158582F31FAf48f06B89c32e,5,false
0xD5F6d667bbfAFACd52b8FBca304e5779EE85c23B,5,false
0x46A979292267a552C2062F41E4C80Da86E219E13,5,false
0x17cF2B327BBe09A3CA9693A95dD7b0485bDf81a0,5,false
0x62D997B7C8A899c6aFD3B3e98A012Bd362B634dF,5,false
0xC5FA3Ced1c5AF3d599B33C0421d6147f1B6C2a05,5,false
0xE0cA76821375F201E03064D5761108BEeC04A76E,5,false
0x6e28D6Dd73D76D9467569E0cBc3b1540BC62B944,5,false
0x8eBd8d5839E8C7611381e855059A5E5A51e761A9,5,false
0xC456d38AfB6A48C15E7eEAac9b32c451846808A3,5,false
0x9D3c55d047603E7435Fdd03B0E53B731a58153a2,5,false
0x058B9a983e545dC742bca761f791DEFEc42A7202,5,false
0x5833e1E32b475438224d58d8310CCFb37d0424BF,5,false
0x6Eb72A3688F1da1C0d84Ec7B75f94863e3B02DC7,5,false
0xd1f5857f9bf2C428b2c53829dBc41573Ece2F6cB,5,false
0xe6629a19Cd7175f50A2e8d4f8cD2c23f4ea304df,5,false
0x406F3ffE5bb0f27a8eB71A0F350Ae777D19a560D,5,false
0xeBc453E098EA5Ca81E216441891c84BC4fB6e8E6,5,false
0x5b4F2EE031c38451Ef85b946Bcc86b2979B4bc65,5,false
0xD9bda96bff79B8b59831fc7B08Dc6e37D68114Bf,5,false
0x490562b3fCB3Be17d8321a0FF4ee343EFe90f7B4,5,false
0x7A616CEAEF8C66072Ef5683C32EcAd9d03BbBD9f,5,false
0xA5405247F2FfccEFF2d1aE263016aE9988B28a37,5,false
0x6352CA70f66fc24F0C11EC218a5d907669c31351,5,false
0xF0e3bf7Df5fcD0e25cbe0C9646928063af24727e,5,false
0x7Cb1D8564d2938cB494576E180F8cA3B4f6B5b1c,5,false
0x75874baceF6dcFeD9F3e66BAD3e4a624F8594550,5,false
0xee183D9E1e2D133648829b37f5a0aB6436628C55,5,false
0xf4F9f565ee5C8FED4b25AF38F833FC17F7247FfC,5,false
0xc7d4e77a8a6F7bC7181A6bD042a55eF38e9dec16,5,false
0xb83C32379Bef27Da96ce4D78C62c34F9B461e387,5,false
0xEDDFB1c24adCCB1A35845B09f732875129Ea3331,5,false
0x4aEe1D8EC9fDa87ADc4A8a106883a0f5b1dc1a08,5,false
0xE4655c0c0c891e2261c83555c65B2ce2791d3aD8,5,false
0xF4313C3960B80f9745Cf196D52966fAe003abDB5,5,false
0x5B3b920a07D1099b6936316035aA2CF60DEaA442,5,false
0xA4470e3567bDafA24951e1222CA1FB6db8Ea7D45,5,false
0xc8c626980f06e95825cf2e12F762D2eaB8CA7b46,5,false
0xB6f2Aa2a6877e0d07048c3aF2f89bcc0787Ef173,5,false
0x5a5ad403721bC944C914B74De1276e49fad5F7E7,5,false
0x85abbc31fdd045c38d08c500aa0a58d40ab26cd2,5,false
0xF00e5619aE7EacCcDA52738fF90C699ab3a0E931,5,false
0x805144736F6E722B6df683fBCc8b38603724509d,5,false
0x2Ba30d009D4A4805668Da66c3722bE72D77c977F,5,false
0x7B630CD5f28e23Ab5cf284cACc7777F0cAF04CB2,5,false
0x753A65D93d871e0380d2c0152cE96ecf0b9F3889,5,false
0xA88A5fe9748fdC0539EFF3742b91FF98D973C9d2,5,false
0xe85e2743E41B310c6858F65C9501ddbe16A6a53E,5,false
0x58867fA928B92Ca3dC1c709d058Ea1bfa1FC28d5,5,false
0x3354afacc343bfd68534131ac91415f4497072cd,5,false
0xB9DA22621700F83aF6e24cB2EFdDF6De9d4F5CBd,5,false
0x7E5a5F68fFe34A36031e96cCB193a8CD11DcBCd8,5,false
0x8f6Ece2d6468690A2E7D0f76033a4B779eec4608,5,false
0xefcc705D4e333Ede425E6dCcad320A27508290Fc,5,false
0xE2126A5302a5305588a7Dd5eb781a1A8936878Ea,5,false
0xa6EfD0874ebc5d3aaCD3E67fA574201A3FF85023,5,false
0xd9Ca44BDBa571D14D9993CDE55D19214c88dfa38,5,false
0x95A34019949fEb98Dd3bC029Fcfb7796Df5cd951,5,false
0xF21994be66f115a7cc198222B73cAa7aBB65620b,5,false
0xB458562D8E585E1d50350dA6c846aF22faB1Fd29,5,false
0xfc5564570598c2957056De8cB2dE51fB2571244C,5,false
0x65E7CB1cC512D2de3eABfbF33bBAf14ab453Cd38,5,false
0x54C02303013D0Daf02e5261B5f1Af1efa635D004,5,false
0xbeAc5d55601D152BcA296a40Cbd008f496Bae11b,5,false
0x8D993e15307bEF8EaD013b0e828Fb83Dd3A584bE,5,false
0x8cc6Ab5fD009E8539dB80A836A8E62F6745C0F5e,5,false
0x42fac6AE33945Ab6643D7C4333B1E416C196A76F,5,false
0x4b7895bAE09014cc0dc8466A2a89240913fF6D2f,5,false
0xb2173f8c7740b77a8A376499b658B80F15271bCc,5,false
0x91C1630AFD0FaF97f39b774828f0CC18a666E453,5,false
0xa299311B903437be9f9D414fb0C0c1a8A8373c2b,5,false
0x925DE06d669f14a8Ec0bE8D4017eEf0e573e8d57,5,false
0x5BF556a177cd26eaA3CF19F12cBf911Cd3D8bC75,5,false
0xC43ebe7891Ac39129621633A521238217BfF9C43,5,false
0x2562BCD280E5FC2B6082D93341F416Fe0cF49D04,5,false
0x704AeF02F524f48B88Ad66bFdDa0Aa35ae9A4cdF,5,false
0xcFEFC7F5a224a14bB3C2725CFE5a11B407472066,5,false
0x4067935B28397E30BdA05F783acadA1e7F9814b5,5,false
0x16239c98b15E5CDef8A31074c575ccf82048283e,5,false
0x6Ee23655e01A0108F2531De9daAc9efAb6b0fe0b,5,false
0x693D4f144435944336f8f534425A155451ebc069,5,false
0x4b004c98e5A19d34431244A94a83361f0dDd7345,5,false
0xe55F82931F39C1F32aaA9286Ca983636Db80A671,5,false
0x282712697b3D7fEf468fFC9afbe70AcB02Ccf04e,5,false
0x6D8B744aA0F933f9379180e4a773eCA4063cB81e,5,false
0x0aF2292f766eBf5f6F5122aE5bD301B9B6F62CA9,5,false
0x4129288b301a5C71d5d28Bc2815E79C223bf30EB,5,false
0xa47467EfD942daCBf3b0D1d656bC512847e7f4e0,5,false
0xd469F7e53589Db2A9fF1Cc53b6ADD6eB4c49D1C2,5,false
0x27A6712bbf2E5a3579599A0C16Dd4727F7984e43,5,false
0x624B989ac8E0ac188ecb03AbeF3b3D23A05D054e,5,false
0x461144f8A90e9cEC8151a7f3734C4c2f1eE2AE79,5,false
0xaBA151F56a5eA0D32935a57daf5D7eDF2Fd989F4,5,false
0x2e88163672B0D2CF2FBA66d6b26C92a0a34a43c3,5,false
0x38BA5FaF6c700660d8A61d4d1B5Ba615cb643d43,5,false
0xe183C3Fa6E0E99Bf31db0Da8Bc2077e22ec7AEA3,5,false
0x3c52B4fA783C9670DCd52D34A2B5f216d30A3b4e,5,false
0x04C2227078312A491C515A0B65af8BBE971d4a69,5,false
0xB2383F84D7dAB156AcF727B84235Da12f8270cce,5,false
0x90221193CFdc82Aa5b4f7899dDf0CcF2dBAE6af4,5,false
0x0C1423C6534ccB800C6d3D2ec9a551e7aA547100,5,false
0xf402F0eB63828849A2066b1481Ad943d011C3d72,5,false
0x04e1600dDD9353455EC313B31a5BF093Bc813B05,5,false
0xcD5a7369A037E5af87433C12953b5DA0AB2B1E18,5,false
0x51a8762AbFfd07922aAbF0220fd38B5E2dA6A0b6,5,false
0x790f75f416d77642ADf13b3Bbc7c9909CF02F988,5,false
0x097991355fdB5Cc692275f5bEF676F8A4fEBf942,5,false
0x8AfF7d8c57Ff35aa2074685Eb012d3696C5BaA70,5,false
0x4dE209331F44E89b6E644eE2fa9062224bC6074D,5,false
0x028A8D4bE2b8e6263AaC5Bab19b608609607a62f,5,false
0x5b372d5D2060be8597Be02Fd7eC82866aCD45046,5,false
0xc9e652DFD8Fb2e29cF2564837Ea9EeCAAD134f99,5,false
0xa4f33A473e2bB08c20344d40C6C4a9ae074C0D86,5,false
0x5FD9A3203c67367D73B65014430117724f8d0609,5,false
0xc4da428538927902e43d39c65e5c978e4b2f9382,5,false
0x11b7246173E16F8C10b07d04b719E48282EBe2Cd,5,false
0xE59Ae36e5bAe62Cad60d01DF79CB2699E74eD182,5,false
0x89Ece6bb75F43E5Da59e5a381E02Cd34A7bD38D7,7,false
0xa586a170d9280a6Cc0c9ffBCe220C83C6909639b,5,false
0xa7c7252173641847619e22db001e141cebe85323,5,false
0x7bE441FA6F564a342611e72a9f73D0892d0E117b,5,false
0x03bCD8BD340cc4FF3861CD847941F525a66331f2,5,false
0x979f45CA803F73C656e6FEDC23b0F4CcB95Fccb4,5,false
0x12EC2AbAdA820562bA59b52A04694A93Aa13914F,5,false
0x7212C2d46d4051351b0d61e886A549160BCb05eD,5,false
0x850352b0C61aac1EFDe8c8a4d6C5a17f49e266f6,5,false
0xd93410732800fb5eE3ac31884cd36cA55E7D96B7,5,false
0x6f90bA6dB273bfE8B4727b646654d053c7ba576c,5,false
0xA97766B2A8d9AD0a9837Cf60bF3c4F1dE0Ca1141,5,false
0xA1e7bE837D6d96edb4ECac54C41De05995DF15E9,5,false
0x6de5689b2C3322Ac5410039a023Ba43c8f63a1dd,5,false
0x28c5C99982664B85682Cb7a644F885D6926261B8,5,false
0xb3c814B4FCff85d3416426312277dfD51605dF4a,5,false
0xE167c9259822F152AD84dFeC45A9060A1f8239cb,5,false
0x9E34DF1A4bdCa68Be6A5579DC46AbeE9F5F3bdcA,5,false
0x66a6835A48B5d00Fd888993ae755b22d15CC0062,5,false
0xfe735dbB5C770a01bcAeA99434Cde20057eb35dF,5,false
0x3f98c0F0fEe6F31CB61388045fAF6a4c473C7004,5,false
0x715bA87A4611501Ebf2e4870a3d1361eEBe7222d,7,false
0x5D872e67f271B91730bFa086612e5e75413591D8,5,false
0x78c58A0572Be5C3a723a18733427F6fBe20594E4,5,false
0x2A03A7Da1909aac0E2a9b2809c9C84Dd832B59aB,5,false
0x2f4668c4c093537BacF6E3aA39c93848fE3aC937,5,false
0xf0c9231A2e9ed55D118D9Db6843BF6AabFB30473,5,false
0x2F60Fb4C9e4Ca5636E2c496a56FBBe11465d6E8e,5,false
0xaB91D3eB430142A98eDe22FfbB4c2A4e3Ee64096,5,false
0xAf925637723eAec63096F0783F65029902f5f17A,5,false
0x86a46Bafba38aDf22aDC1A869c574E18FaEa4A91,5,false
0x603631ac3704234c44775B97580c65d46252eC30,5,false
0x7cde91f7FE1A2A804c7c8Ca56E37ccfe271504BC,5,false
0x7dB61a6C451318959375F4c2E8827CB66452da44,7,false
0x1044910bd2a705d2DFb978081452Ecce1801D555,5,false
0x91bdff829265f5BdbCF1946329FAF43e9F418e6C,5,false
0x9b4f7AAD397972Df4187fb6f362062C94220F47E,5,false
0xECb5926b3E4f5d9abe137deb6c07Fc71E5aA2F3c,5,false
0xb6aF8aaC5CB245c40fFB6E050641c17925b46E0a,5,false
0xe9D0695eC410Ab3f7E95c9fBaaa64514cBfA1720,5,false
0xeBb2d0A6eB4D44057BbA89713650B7ecBDb1Fc00,5,false
0x0f8e5ebF136667b5df96E5A34b77965D125aae60,5,false
0xA8e816c32d1BEeE5e1C446d175f609a225f842F2,5,false
0xdac9167aa2EAec47B21F007FA9cd5ae59850a74B,5,false
0xcd6AC6Ac033AE7f8143719Be2aB190C2161b7f40,5,false
0xDf4AB4E9abaCeCFaaC9F4590e369A9Fa4231a47E,5,false
0x9eFCB9dcD66E9056dda436C2B988aABb16e7F62a,5,false
0x9033C39412FE678055646DE8673Bd8d357D56426,5,false
0xCc4c523117398eb38F051964Cd4B95434D3Ad86c,5,false
0x2629FF4B050e82537771DBd7d3ae3a8C02312f68,5,false
0x414c2ef281620bd381ef2d984ce7ccb72ae2d9e1,5,false
0xB90Bb6bd2AFA29F2862276D0a9bf06CC61d66629,5,false
0x67d7a1857cC560B1Be303716e833cd30A43dBb11,5,false
0xb84752725ebcD26735bBC341EEde4E06206363Ed,5,false
0xF81f2622EF2e9bC0cba89E7A41053d08FB540bd6,5,false
0xf2C7F66A54A14d642C7998b05177F41b70398A01,5,false
0xA0253fbe36208602D6E5a882F6662959bbbd9fe6,5,false
0xC1BD2C0B2626DE56a04570b8c39c73Dde458c307,5,false
0x7290Cb2e8537D8aF9559eE35649a024a6819Dc23,5,false
0xe740F66fF9e3Af47c332770B24D192770Fda929e,5,false
0x8AF6727AD0Ad4FB3CEE9c81C29A3C741913c7B5a,5,false
0x17A53959bAFe1070F64A2B424145B62cBE282dd7,5,false
0x97B491C795C621A10F2448B13457660ed7634B42,5,false
0xb99353542cD889Fc8475D318EAFEf0A0a86E53c0,5,false
0x0ed5468f0a9278637a2eF59c765349001f0D4632,5,false
0x95A1031F2f5186c53d791854667CFbe77A9d8ccb,5,false
0xbbfaa3bbdf602c07c09eb085f0f3cd6a2856c8ce,5,false
0x543EFB523ac62472A3393E17DD0E5EA7E3b26E80,5,false
0x2987485F0FfF7F4B8749132F5669a4ef86224F41,5,false
0x56ed4C78fAe2d43c24deACdB79065bb0736F5c0B,5,false
0xda0228B5fF4c366c98c8D0ce5e0cE382F33FD28F,5,false
0x0F50528f868a9357c7b98F0CD0e050AEfB72073e,5,false
0x7b38C00C91dA0a26d8D9E0BCBb580E66C232b3A9,5,false
0x4E0ef532bf17caA16fa619e293f33aB4532611Aa,5,false
0xd3e726423dd60836De357D359a6045Eedc21c2c4,5,false
0xd42A167490cD79FBa1aEC0a5c87BeA721cd09ed9,5,false
0x0019977941D62713b7Ff8472689EeDb465Ac1f4C,5,false
0xc545e4535C134B1f76527d59B387C44DE8EddA3a,5,false
0x4d23d455D10fc000Ef55d2596A00D75c57479f16,5,false
0x19C7545E41E94D9be68EE4600287dc4E98E82712,5,false
0x556d5d9488bEF872f2F56EF9bb1857f319A439AD,5,false
0x9bFF70FC063fB6693d84AD4D26BC15BF620d711e,5,false
0xFA8725DedB72c2718a370a295A40910f54611148,5,false
0x5f4D7e66841ABaFFF63E149241C5401ea77c7d30,5,false
0x38E925B347aea44297456A19C599a1393694689B,5,false
0x7bda6dC27A6b6c6FB3EbF772828E59C7227297b7,5,false
0x501E776f9c22D0eAe667067e0183A964D68E9ddD,5,false
0xaA2c3A9CC3deef5A184077427ef7551B2e0056AA,5,false
0x995Ef971CD2458a9C3219dd34F5cE3200911Ad62,5,false
0xf0BB60DA8340679B970C74144718804e908752DB,5,false
0x4c3B2761d81ABd96D967Cb07C224E45836f53ED2,5,false
0xDceF7EF718100B5A98B4b44AEe6e4fFA41E9492F,5,false
0x59f31a4841AaDBDDb0c069Edb0217893E1135e00,5,false
0xDA54D1DA052BbE9702A38C124922a4B5C5Db6dae,5,false
0x7eAb61093743aB6c321688bbCD30ed339c1Bc1eD,5,false
0xb6e7231A8d65FA771285ECEB0adeC518DCa318b6,5,false
0xa0c68c638235ee32657e8f720a23cec1bfc77c77,5,false
0x570fDeB84393a7fA27C1d854Efe24Fad4DF40496,5,false
0x3447d044796bAEcc57ff51A646282dd7dD48263A,5,false
0x98f325EB3C0Ff1cAB507aAF6b9A4e6e46B0E88F4,5,false
0x29913e0258B38E34e544fdB56e9C302B2de2b39f,5,false
0x7F276DA8C1fC0a64FD41695CfE584858b80e4e6b,5,false
0x821c5b30cA2cbfC4ceDd6555E8e9595Ef1dc12Df,5,false
0xF09E6d5EE9b5B7FC84412260FD6E6D70dCadcd9C,5,false
0xeA1BB176d76438302D48607d6bD56574510E914F,5,false
0xf2fC4950fA6B5Cf030dD3dbbe00c36862CDcaa0f,5,false
0xc70359dE451f04202bf6e4Ce3a5c78ea02284689,5,false
0xd4F5B763F5C995cd17f2E1E66c5B564Fe01E13C5,5,false
0x46541c9c2C88b9734cDa4825eD80aa82C4EBDAa3,5,false
0xEaE6bfdd954904bA14489Eca3079361aE0a69F86,5,false
0x6Db66bcA64f06D7A4C06dD6aBe386D33a498A7A7,5,false
0xc501601Ba4C7bc4a8fFFa52B2F4F74adf517798A,5,false
0xb5f325842e284DE5440c74D222576EEc86799BbE,5,false
0x46073C5689ff372f8Fc2659F9A136b7DB14340e1,5,false
0x77B0e630CfBb3B89F2F4Aef67c37D990B8C8A83E,5,false
0x7cA667eDFCfed8b73b23Bf825406F3558A856689,5,false
0xf56f98fe17836340f9Dc6970258018Ef018656e4,5,false
0x6C77d3a6563BbDc5c0E76123E82E92B7B28a5aD7,5,false
0x79fbC2BE54Ffc434300b493a42d7b17280bd0C81,5,false
0xB79ab8E85cCEf5f3Bb590550F75e210791Ea8F76,5,false
0xB79402F5193CaE89Fe3baBB8409785bFf71b8dFE,5,false
0x847bE9387612622d41DB4d1b7a634cC73180f311,5,false
0xD35abA8232E2657EF3DF90EB1a68713860dF3129,5,false
0x74A048ec7311baf96612394bBaD4052B73517D21,5,false
0x957B50DA789e5185023De912B2C98c2F4A77061A,5,false
0xF1d609Af9E5126BAb145286ceD8FEc8F341A7b04,5,false
0x2213d49Dcb5cA613eD68049667650deE9C82d063,5,false
0xAF3B411bCE652Fc3ec5abe7eEB5873d47DEF3b4A,5,false
0x5FD86dbdE3B89efD542Ab13B8c2C939c8a26c5Fe,5,false
0xB306BBe9cab1DcCAB2928634406BbaD1D743C2B6,5,false
0x349128aDd7810d75dE40035e1EdF3146a7ff54Ed,5,false
0xd3132adD65A032F631d6eD9b4a5976b0673af4Ef,5,false
0x5c47cDc8aD3434948448D92AFeaC8eE977d7d546,5,false
0xCfe609f7dd4dd34aBd015B8042a609Ba970681D8,5,false
0x6D83a8CEFe479A27c08D4AA8e1d7510D2289C2f6,5,false
0x3C5B3b30B919489292F8ee981ad1848D821D863b,5,false
0xf20317dbCF2afd35e4cd16D9b4Beb8E30B82Ad28,5,false
0x95cC66194A41AA296794848598748dec6ED393c4,5,false
0xEEA468cB635C8264a1ff27E62A45690ecD1504dD,5,false
0xAD47426C1f706440fD00f646Fa3F47704891d7EF,5,false
0x62ddF298EB9f52e8316DBA97bde6BB02bc14bFe9,5,false
0x70D255c33C4b7B93Ff529d053E84a1C81F8d7401,5,false
0x28aDFDDff4F8e72501869ad43720d89339f10902,5,false
0xA06811CCA932ef48D86bb893E46e58740f03de5A,5,false
0x2f14b0e0AaC7dd257A50c85A61e3ce03A3697B10,5,false
0x8fbB3d193bd96A2729abb31f89A7cdfe5559Bd7E,5,false
0xaFE737eA1d098256A9E14782C764aFbCf394b5C7,5,false
0xF88C630977bBE2d85f2f3805457A1e0367F7E56c,5,false
0xD5f90Df6Fe8c6bF3EFD785192891adeD378C2283,5,false
0x10fc36BfBBf6e0778f819B799D7ec8DC7fBA9cc8,5,false
0x2260D513f16C4a20eA289A7702B3c93AdFb00A57,5,false
0xF25F80a418A2499fa9CD1D326C8b3d4cbeE80913,5,false
0x9fc22B4DbA438Df7358aF748efaDA792e9d635a5,5,false
0xA2f989ff2D2A50A6076FC366761f5015C2289A2A,5,false
0x113aDD6AF95fC0953a5090DEA35b196044759F65,5,false
0x1858fEf44bfFF89BA7c6493e36d96bd98c7fb2CE,5,false
0xA3B2A33f3aedb226Df6820880445B4339c0213b6,5,false
0x42631a65500649136BDF7CA168694f6c072eb5e9,5,false
0x35908f16B473992762b77fC8CA0c655D4Df7Bb10,5,false
0x99fa17Af1A8F1F3Da5863e4FF05F401E77e585d5,5,false
0x32c2A87a8AED38Ff75fb2029CB0a0e1Ce4A7Fb99,5,false
0x0f4e4d1Bd54AaBb1575339aA71E1Aa22e771F854,5,false
0x8f432c6aa4da9298baa589Ae7539eA5746e8C474,5,false
0x972A6D9674A261a3C4BEcb2038B7E5D6ec9b09e9,5,false
0x126298D5E5D969772b08EcC969C77dCdD7f0D326,5,false
0xE65b226A175144FE98b98e3F624412cc13c73c9F,5,false
0x8CbFA433b07b77AB0a4FD38bE1137f149b3288a6,5,false
0xebE9f2bBD5e7b3b8099233aFff654c6a9BaC679C,5,false
0xD62750F714dd1D34E19d009638cfE7fABCE7Fc78,5,false
0x80191032fB4d309501d2EBc09a1A7d7F2941C8C1,5,false
0xecfda0EEC546B5410545286fE6439ed7fd1E6115,5,false
0x9eF0E90AF0dE5c249cBc33e2670BCD68F0607abf,5,false
0xec4551C3eF737F737733F051F2082b5de806EaBA,5,false
0x580E9Bc708Ed7Df112C44F47Aeb1f8deFa241e94,5,false
0x1bf042E4E9304E3Ace62fe6B4C413DAE284F9225,5,false
0x97e5FEd154430029c881bF5485D44c5F1FB75c46,5,false
0xF44043162d8627Fcd7b46De9706D3eE29f1bf0b2,5,false
0xA9833234bF956f55Cb0898D21a6b27CEcF5Df3ce,5,false
0x06444728b9e9cA07310c2EEabCD198385593Cf0E,5,false
0x8b5e625E07e0A16502a1ad0bc901265B5FcFe6a9,5,false
0xa3650C583D1aC2463729A632d73C9487bF1A2039,5,false
0x5b63750517F29F9CACAe9D325D7841BF29774788,5,false
0xC61080CAE8547Ed90Bc60AE8B62203CDBC7ef04D,5,false
0x7A5eC7E35d37f50D9664FB9F91B7e8B8819807F2,5,false
0xECd9277545dA4fB52c7cf60BabffD170349C0e4f,5,false
0xa26d3cC29ECD2C1f26893c2d9Bdc482111377C4a,5,false
0x4aDF1feA74e9a3bdd61A55fD79D8F8AcE6f96f43,5,false
0xCCC75D54cB0aA977310031ad04eD1CF47b52088F,5,false
0xb2a0BBAc7ABb46ce4E1fAcfB67dcdfed753A593A,5,false
0xE7f2D89Ca6CE1d6305dA2a015529C35a9c3469C6,5,false
0x85f97A3A85bC3793CA19C26168Fb59d647dF03af,7,false
0x640b4d996bdf93ed5d9c0a4dcfbf93f1cc86264c,5,false
0x17a3d92B704A94b888AF5D0821A4c08c31bC4647,5,false
0xd6CF2571e1c58E2A57D5A17896F7DbFe49CDBFa1,5,false
0x404fB4d4477730C0Aa903b9dc127e634B27F2620,5,false
0x4459d1D4e9378f1C28f6C40d3b74a0b490697797,5,false
0x345D5543eb6cc2bAb2122c738D318a21817DC346,5,false
0x23b52A2F2EA4B40144c36432D868Cab611ba3207,5,false
0xcC23Baf87542838C1B06c48b2aac6Ccdd7EeE59e,5,false
0x49bd6Dbc773384c235F871574bCA609C95ea4Ef2,5,false
0xcd13397678118D5530B76BcAb6c867620130D072,5,false
0x3D737265C74CEfc61C3174895832BcF747d0d4F1,5,false
0x35A1bfB91a89882152F7Cfc985AE5c2B3a60D6ea,5,false
0x6E931d3B62f393Df6391DDB03D383ff7025415b6,5,false
0x92B6720b43334E4Aa5cBb45DFE741524DBC8FA2f,5,false
0x88fF5502bcab641f6425e87f18A8cA705590A168,5,false
0xd90ca14ed9981d4650cc281403d0cdecee00432c,7,false
0x6A7da823651499fd30Da776c744Ef509Db3727D2,5,false
0x7AdE8e6AC0B9550f3567e72ea4E4F72Bc5c14747,5,false
0x9932a757C1427f3c6219028EEA8171c48Ad76f8C,5,false
0x46E9c4CCDF6C12725a9F2fd5860dDF1B09fb6eF6,5,false
0x9dcd462984Fa00deC895ef1Fd5fBC9ad5c0f14f8,5,false
0xa4807ed7228F0aD7ed391DB4490833fB4C8A0bdd,5,false
0xB2eEA2FCd3db794BF6bE9d83E0dbfa5492beb39B,5,false
0x890A8bf65D6551E5f91B5621701FE806Ca477624,5,false
0xa07a69c1E1e7Bc216fBE6AA49148A88865082981,5,false
0xAE60E5Ec7637dDDeBf77025bC5424b4aC1Dc1A4B,5,false
0x4c1941981902e83de34681F8eE6a7795d7B1205b,5,false
0xff2f9dCf3F81004cC3B79288596e92ff4a002D01,5,false
0xfaD3C6c6A249fCf334669551052b01BB5c348c2A,5,false
0x83ae6754EC321aaDd15dBcDFaC91FcA0055F039D,5,false
0xfe370d90e422967c8D9F07593fe9eCc43DFcf06d,5,false
0x2e1d27C25214890C5C651963675d89Fe1025e33F,5,false
0x9C81428E2bFd6DCd299AEad5043911a7441ee878,5,false
0xd60e151112C91F1057DeB7d512D24dbaf1828c71,5,false
0x6Fe9B4028FFf60EC5cf3e6875327182E6C8d57a5,5,false
0x796D9E5A1f9F0aB3e72cFCA12B8a5CAF26820336,5,false
0xb1F0c64b37e325bE05F61E4Bbe1172b970d05441,5,false
0xcB848E7063CC10AD4D7BE0eF52DABc256c0441f2,5,false
0x45Ab04C54264F485eeF8DB0c20E531E9D37cD53A,5,false
0x4300e4546128F7Ce43b8C312032367b0136Ac76D,5,false
0x682C115E0784db5255b800b912cd1C062Bf93f4d,5,false
0x43C4552B8e372dA4f3043783716d71D7A94c9217,5,false
0x07bB791D63C4ef361A24cA7A7f7efA8f8AD2883f,5,false
0xF020A096BfdFeA7dc01eE1050681a100a122f331,5,false
0x8f6BecD0ECF94AC317e333d69F15F1C1be51c28c,5,false
0x9046993b0C3057440E2fcBEC98d3a1EB7072C96B,5,false
0x3E84F46d86401bcCb2c4A105009e737B880C05e8,5,false
0xE52B5818a1bc30FEf94d87a88aE37b82b9c6d073,5,false
0xCcc7fd437218EC4F67DE0D4F1a13A2F0B76e4d54,5,false
0x1C8015FD4B5b258346359b32f03862b22Be0253f,5,false
0x2976b4235727930d7957f9cacE6020F3217d8685,5,false
0x8eD71298FC514fE08640F6b4AD3Adf9C06d03a9B,5,false
0xb8689e98098F05FE88D8Fd23094301e2754779A7,5,false
0xbFE648DCFF3B46bb7c8Bb4e297E7296C891d250a,5,false
0xA3E6d71148010Eb859Ddc37359730E955c3c6b21,5,false
0x02d549FfAB75B2F945992fB1e6C851b9cE81F190,5,false
0xf9512C47013E9F4aBE0fBe8354FCc280416A17cC,5,false
0x6ca82aEc214F0f3D18123d7D4869d42d97d96026,5,false
0xC0c1623A1C6d588ac02b9aa010ec441e5160dFec,5,false
0xC52763797DE0c2D85DC2346a1bb5EfE243b393A2,5,false
0x27963d2206782b9dD2371a53a710038ebe904fa9,5,false
0x3b6C188C4f7A0ac8Fd04dD09C18994A3C6966C9E,5,false
0x1b5F31D559b29bc55aE6089de3Aa5F60Dd21B5f4,5,false
0xc31C5851ceb6F2b21cF030E5B05E375CD48867b4,5,false
0xA9263191b5cAfcc0BE2C8F72245124472F3C9082,5,false
0xDFb579136113762f006fD713c59166a4BB5df644,5,false
0xa31849fBBBfAD1Aa2DEc93Ba4a9BaF13de70591B,5,false
0xAB8833021C6359C3949CC488AA0F0C9e832d3446,5,false
0xaBEC5b48FB9693900b7D4F56819E388eAB21da3F,5,false
0x8eCadAb24Cdc2137539c6651f396D8FF70DFCF90,5,false
0xe24AFa55f6Bbc48c1bC3FD6a1Dad1be1D5a9D6e5,5,false
0xCc243af6d1B56D5A628eD97A0E40A2da2E16b2b9,5,false
0xEF1DD4c5aA253C399Be62c72f947C78280bb1D75,5,false
0x945d5a946E27BA3Af128A805b0Add0de68C469Be,5,false
0x3598b1ba791f543994B880F61b39D6cf3a56A8f2,5,false
0x8d8A88E901A4674b97DE4B7e059ce83b6b7C6f8D,5,false
0xd62D6614906984c60B8F4fC2Ef14c9CaD87Cc399,5,false
0x3bF1EbBc7A37293DAf5541d92D80Af2d5E79942e,5,false
0x913a8746fAf9273e81FF90abE356f866e04EBFc7,5,false
0xd7d0056ad2312E39f8A3f78989CCc2cD947Fb128,5,false
0xf0a3E5E0Bb2074D3D2c9EbEb33D8AAab9b2b86F6,5,false
0x731bba9B7886548A46091cE44622a296F8ebEBeF,5,false
0x88c3B556DB31878fF632FA0aFebaDc764995D106,5,false
0x495aF4b4bB7A4AE6DC06B442d9351Cdb0669F301,5,false
0xCb3b7797A39be283bbaf60C41783D1D99Dcf539E,5,false
0xB391Bd4aB47CE7C7aDB278189944c0bF1D05C413,5,false
0x4182D1216816d84578BbEf1F558978F15D8268e6,5,false
0xC2091b00C1401cfa989669F644A3BA3364Fbd4dF,5,false
0xcb660dd0B1D7fe7A7A3AC14840E879dc67ee19FE,5,false
0xE7C1A20b60EF9CcAd1881f89B91C307627a7171f,5,false
0x5b19eE10c3958B983A126F7DBB44cB9DaCCea657,5,false
0x87b4a224088e7980Cc481989B528e4aBa44e53b4,5,false
0xF1cb54394B2ba83Dc67a4A959DC55971Fa9F0965,5,false
0x475d9F6f613802335680ee44b9c852b4186dF91D,5,false
0x4DC8a31578803add7245c6E44B94622D79551c6a,5,false
0x730A06ba1dA8387BA9F386Ab3FAec9fFE35C6720,5,false
0x9De66B7993EB77729222a0326d2B60b4E0cd5d6B,5,false
0x46d73Bd70ABdE53dA9D0E0a24eC3C9c585f15D3F,5,false
0x38617b51436fEB92f2c1ddE5F1d0C99d5f5F7306,5,false
0x587CBdE67dE3DE091361BF5beA1A87F0883A96C2,5,false
0x8dB9d0df12B19B590ED10d9CE60888eDA001Fe1f,5,false
0xEAD7c7a14A0B18b6139D18Bc362a1aD18a501cEc,5,false
0x1F9A2DB16424107B3ceDFAB65065749A7e5d7Da4,5,false
0x052BBc4c1b08547cE63F1416369b51F9F2e9B6FE,5,false
0xBcAe8Baa92E717D608E6D266df61d785B6F5dcbE,5,false
0xF999629b0EF53071B9E900bBde1d625d451eCB44,5,false
0xd4d009c10BdA0972A34B019A815E3034764F2098,5,false
0xC3a8b1196C834Da15769fd881B2910a4be437382,5,false
0xB3eD6d888DF7AB5954f7507120888324F7a2c907,5,false
0x4a9C4b1D8A2f7e41a9f4B0B6920BCEB16E99A587,5,false
0xD281E80C2d2C8f09c22D0039124e94737019620e,5,false
0x8758b64e843CE2E919d127c74c5A15001F431343,5,false
0xBe95e424AbF054f27A4D8c4DD8678e2F63C71657,5,false
0xB883afa63cc6CF2Bc03EfF4e8fA0D76272b7dFB8,5,false
0x2a2b02e1a52021eEBB0EDF3840F4164041F412b5,5,false
0xBD41e7D1C65ca2Bcd91F16E069539d3672F5ae28,5,false
0xc4D40F0056A547752C8C0A667dFc4F02400AF490,5,false
0x006b84a44a18468c84c02CEDf351Ed82c4E69F27,5,false
0x9f7d386aD560e17bE59BC5fA88af1B8087d9E7C9,5,false
0x4B5F0eAbd5E03778e3d034CA2C8ceEe3301da505,5,false
0x609D865D828efc5dE20F86edABC9f30956b7bDf4,5,false
0x977F9B5180B2Bd9957C6248AE160F136F9018333,5,false
0x4EE063AC4aeAdF26dABC8b05d86898372c65d94A,5,false
0x48C57eDe7485a6784dA47f69Fa99c8D5C8796E63,5,false
0x08cff10fA1A3541807DfFf4D8e8B32Eb0Cb56f5b,5,false
0xDF3Ad46422f2db9181BD927c40E446dE6360A195,5,false
0xB8D19459c2105a7c13791113108834EC9c40257C,5,false
0x5A3ee6B0b04Bdaf8146D87bFf9A0f646557277C4,5,false
0x7A3D402530cc88D02Fe5bDcFc23B1132DB4f1f5d,5,false
0x51764790B30b49358a3b2e6f30Ad77484b885b90,5,false
0xD7fb570Dc78D09e33FDA93F79b6FDEdFC7D8e76E,5,false
0x1Da9c59779a410AA2693DF72ec96D224cDC47E9D,5,false
0x320c302459015Dd2BBd3035B533fc9B9561E5D0e,5,false
0x7fae03Ba8FBa5336fE97d6b03de178f188C0f2B0,5,false
0xDc46740d7b887B1104F7D390c0Fc0B0d8Adca8e3,5,false
0x276CBf1D40f3835Daeb0EeEf531205763E8cE029,5,false
0x49f793670AEC5E00b29ba87715dD6368F25649aB,5,false
0x80fb3b9043dAb5231772093eFf6F82d05081e0aE,5,false
0xa5b08723ee3d4ea4eec76c4c1bdfde68a989a89c,5,false
0xce0DAde30C2520e54eC10b46531D0bF0d961774A,5,false
0x9bC5147306d0707aE70C05103BaAd924899c1e46,5,false
0x9871f36581f231E41097d21c049590AB79220B0C,5,false
0x5024b970B3108a1C6E82bd0dE57D4c1DEE60C144,5,false
0x5378af79e6c4CeeC349361613ab1ccc03Ce79366,5,false
0x9e6Ff379a47B57D684f672eA5E8B6930F5Ce58E4,5,false
0x8F121AF000fBa0A60dC5ceE78Ad8F40B40bca94C,5,false
0xd3Cc10eb17325e01396526B402c9803E23Ea6307,5,false
0x4eA01DeF43C99f6c5b8080724F718a00021F7Adb,5,false
0xB86D929b31Ccaf8395D4C4B6c3199A453CC04D9d,5,false
0xfc7Bc9A79B10990a537d6986bA2Db87144301427,5,false
0x55105d93f8bB5e53F11C8a1306c3110f6570f1C9,5,false
0x2a849a6e2Db2ec977225947Ea5d73418b7CC93CB,5,false
0x9A4307324438D446633835801a398B213AdE2D0A,5,false
0x73eE9f2F190452d8712A78d3Ce6F3f483dF09De3,5,false
0xD62f9E5279C0A97dc210B5ac9Cc9eD8231a2a146,5,false
0x3446Ad39075CDe22aACF5F3309d8517Bfaf88B7A,5,false
0xf55a8f5156db34097EFeb7ec0fcC3C0FE2C1f4C0,5,false
0xD47Ecde1130e265BF1AFEfba70D20508706A5305,5,false
0xf42a41406acA1912db75020c385a273dbf2e7534,5,false
0x8f6D6cb7e4A6b10d1b1D095d2c073f445D59f231,5,false
0x31af78b400ee738A3C528f7c3ac4F8a32f5d5480,5,false
0xa4447438B6A00DeCB17B44a7fD38AC41FdF7812e,5,false
0x44D5AA8BFa258dEDD2cFA9f6f9560eAe48ACDbfE,5,false
0xf20C8002A384CFb0eC91971FFaEeD521d0cd241b,5,false
0xCb5d9Cf80AC372A725adAbCe1b27D5FCE84FA386,5,false
0x490828d625E76779554c4a659e40BDadFC725F47,5,false
0x3A9b90b340E417BB0f45fb151033C5fA8A9E4cf2,5,false
0x77D323daf9aE11994f49EC66Cc9E92220CfEec98,5,false
0x64Af0FEa7146B28E29E2C87737d008785163047d,5,false
0x80Ef0FF15e0E7c7F616A4E1149550d20c6B46A53,5,false
0xbeBcf96eEEd98D495F45407CE7017179738E3552,5,false
0x96bd178b9771bF574A42b666552300F77CFB43d8,5,false
0x6a8f1aa1d7eC4fB6369bD137EB2f22c29cc87F79,5,false
0xab7C57A4b06CC8ef698Dc2A1BF0ac3Aa725c6f51,5,false
0xE0eBB8dC7d6e83062cCabe0ce5681E62DA9D3460,5,false
0x6429876C6b5CF71E3Ee34a612f779E30fBfC8678,5,false
0xbc6beAFd6CcFe55f01286a514906229F81a6Fbc6,5,false
0x4e1763AcA1E5EFFa26542cCd776618E417a74464,5,false
0xB4f70787b4BcF5adb9db889403c9A5f138f393b3,5,false
0xd9d6B967adA03753B5F3ABb2EDE10A3E356BCD9f,5,false
0x8CE0B3675dCbEC166eee5A60B7F2ab8Af14b8515,5,false
0xD3937F9549602A41FB9EF9388c4C372d52b0e85E,5,false
0x07da7408685d078E1655492fbD72929EdC0e750C,5,false
0x13E5C2f49616a21F761b0Dd9DFd9D89a302085E9,5,false
0xB58229e4f0eF5097fBDb1c10e8c15eC15137Cc96,5,false
0xd0425f13d9FD3Fc490759Ec7Fce6Cf42033BF5ea,5,false
0x520bE2A06867D9e78B44706f0d3243e72A2FeC23,5,false
0x92cc9d4E5507c9485AA29e5aFE4DdC97d3c369D2,5,false
0xEf8a029D50A2cC714BA6fF845A28916C912426F7,5,false
0x29560B888D082DD781A80c747b217c691917E151,5,false
0x3b7E269adD24156DbA4341fD6C2dFdB4d713Aa85,5,false
0x0F5b59F93B7d41856078Bb05702a1061De356729,5,false
0x76D0AD6863b627F5786E7C6d17BC67426A9a2787,7,false
0x4bF7EA8aff148f158F6BA7945e93774A6e1a26be,5,false
0x30F59C19aAAABbcaeA2c195d9c1Bb9f1B7D95167,5,false
0x234359A26d2B334BD3B0aD0Ea5fC9f97DdaC0A60,5,false
0x323ADa4bC5307136A9C583b26041Ac3f8Ba744B7,5,false
0x3962815939A40ad916F10f1d8ceF7661241478b6,5,false
0x9cA10fe0cCc43d8464e91938E56411e6eCFb8e2d,7,false
0xd68bC12Fe12399177d79C442FD917545B6688957,5,false
0xD4D27FbD73fBa326282f3bf178Ed569CcbC4F9b5,5,false
0xE8B0740dafde743F95331900BD7bb175bf0EB1BE,5,false
0x04D725941898d965A4DdE8cB40590A9BEB193da3,5,false
0x61Ea0D0AC7d247795F487Df9EaBCbFf31CF394a1,5,false
0x9C76d259AF427E385bBE2Efc37BfA1ffd28d2de4,5,false
0x9b6FB7564f25d85f73fFbc07573ce9c357Ab01fE,5,false
0xA0Ed7F1E8d2eDab9973C08190eCDb741b7fD6173,5,false
0x2170ed0880ac9a755fd29b2688956bd959f933f8,5,false
0xe0bf875a2acc2cace116a550c5657c1cc8926065,5,false
0xD691171325f6730803659d730Ba60A10852eE7C5,5,false
0x73a36f6F823359607d4be9C27Bc7769817e5E6D8,5,false
0x7ec1E57C46668b669372fEE1398064026D1f87e7,5,false
0x3e0ada79857C959E84ceE5E0eE49223DE50f5F9E,5,false
0xdfABdBF4ed1764A363Bca3452acaC83c8996E2De,5,false
0x4Ac396D5FdA6EF31D67295F36F2F043895F834b4,5,false
0x48295e9A4c6619150EB4985B838cAc741321Bd82,5,false
0x26136e1f86Aa285f1D180f6206256dfD3E5Bad5e,5,false
0x2FFC97218988291C83c2B97E6de8D141BCb6c4a0,5,false
0x681f9b8167B7f0Fe598c62a581A44FCc19450E27,5,false
0xBA378B05272a5B7C6b93138a2F371dFa01575E4B,5,false
0x4E50687CA6cB4bC757740b9d5D404E571C444C42,5,false
0x10931470aa1B2F5A516fcCd66Ed51eB5FDdeB824,5,false
0x4fb2def72A60A185a82Afdb1491bce032aCBDC82,7,false
0x8044aCDb50E3652c1bb414D4Aa2732075E287A58,5,false
0x23f2313690595867feEa26Fb2fB214AF8cbab950,5,false
0x48F4efc8EaA90C747E7859216dA14149fFd31eA2,5,false
0xd76Ec3805b163165F39D541e4C2ecc8C6615eD37,5,false
0xea91B57ebAb28008e06935462345CF6b19e69281,5,false
0x962e8b62ac2e611BEa0F21AE70D67391D1E72Fb6,5,false
0x95Ee2F3DcCc6251C2b3c57B50f505ef8C66043Cb,5,false
0xA17FF64be813d707FC7b9b6F82B7DB4AcdB30ED1,5,false
0xE520Cb5D04Ae862133F9C4F94401b15052fa355A,5,false
0xA2156CeF145a0Bccd7c696949aCE77321C237d3F,5,false
0xc8FD6973fA8Cc99a71eFf5AdeAC9d24525B71027,5,false
0x2Cbf03c0bC721F516a448f14c6637c7091E4fD0e,5,false
0xCeF8FB2ba25D199c26Cc15902EbeAD442CB89440,5,false
0x53Bf64C21801957Eb4d2F878FB1B186f9F4Abe5b,5,false
0xB486482123c3b32B4FDEaDBBAAC0fF2fAd0A7489,5,false
0xBD78D06D5BE0Bb157FFE2f136941F5A72E0bEAc8,5,false
0xC2Aac7a052e57e8b6Bb061de5E4eECf32e78d889,5,false
0xFc007D3FcD4724534Bf6ba799bAd4A67f8daD302,5,false
0x74bb2b2d45a69c7a841ee8bee46fe55023a84829,5,false
0x5BE1766DE32550378f48B0424c6F9E794108514B,5,false
0x8B3bc1C8600824aC483bB99E3b5A9535b4a41F0e,5,false
0x98e433272Af00E422028b2Bd4Ee14DD4B4380b6B,5,false
0xacdc07845EbC6eb6632584fB23EFc522Bfe3cf98,5,false
0xF3a215c5773DDBEd705Df93bd800e274F3B9eD04,5,false
0xa2C219Eb7e10439a21E7F38E77DA661eb18295AF,5,false
0xc2247cb77426BfCA8308c4a1941fD1a64B4b44b9,5,false
0x1530CC003D48e183041caEf04B51609E6be1AD89,5,false
0x9476C898539229e480bb907a2C4d3b9CDBa013a1,5,false
0x8D4Abc5FbB8c657387a09E45129E83A3337b7810,5,false
0x2565b1dfA57330526Fc79297be69Aa3F300F00A6,5,false
0x3Da93c613CEc5be77d2e9a7605BfEF25b87eFB5A,5,false
0x5593D648bc4825A314D2b660eF3f4CAc8b6477Ca,5,false
0x2D6Dc99b4e9Db822efEf1d0A1C514Efb0FeE7F43,5,false
0x2226065485A2acb72C4103A7E5F7282a486EccF1,5,false
0x7c4c1ff2d4Ccb6b060B630a602B527acbDbd5Ceb,7,false
0x7681833b6D888748D7b26D3e902Be6Ee6B204a4e,5,false
0x676117698C0267b041443FC3f667B9d1143107c6,5,false
0xdC8e0DbcC07F28Df4cB3672EB1944e8C858710Ee,5,false
0xB923E7344F943FcF7Bac7773c2fAa1dba167C211,5,false
0x176317238478193Ee528a8408fd2C864432524a4,5,false
0x0e6dd69f3EA544509F925FFB1C6b8Bbadbd63CcC,5,false
0x6CFbA31B89974acD050d5cAf48Ae92A12Ed160B9,5,false
0x70f4f74d5c89433A0482830b894794A42764a4E2,5,false
0x3f9ba9Ac51DA3D463c67163616E05c6AA0663D32,5,false
0x9c25ea01099d1B20cf4c514a353E7de0330189C4,5,false
0x8d752351DaAf2461284a018AD91C00dE6e42dFb6,5,false
0xD25F0AdE8645949285d5fd2891f6C0DA30C24b5c,5,false
0x12987e2e55B6c97047acfb4e00e5eA0E6c1da7a6,5,false
0x83d5AD4D020c261E6d4eD60862fEfe55859fFEe3,5,false
0xCF0Fb2Ab1bA176dC98A5D193Eac353B04064f7a5,5,false
0xF56977303c75255Ad84E005f51a523b0857b5b76,5,false
0x640733836eD84C66Fd88C3AE8571b04387d54eA3,5,false
0x81245BdDE8eEBdE7131e5d814f8Ba072e5b6CC69,5,false
0xbC8557e81c53E664DA571dd37895038e1176442B,5,false
0x8076B7Bb207d459F465A2A5676563BeA5B0EDCAc,5,false
0x4C566Cd29d4adCC59047865AC3Ab8ba45b22da33,5,false
0xDa323853Cd7F90cD742F2b27447C81B93C0d7ff1,5,false
0x36A6F6f423778A71fbD635081f4eE44Ff15B9D6A,5,false
0x668D9F0792e6B7Ea81A8F5950bdC87818A460e4D,5,false
0x5591d202aB8a3607Fe134c751D2a11c627feB813,5,false
0xAeE7e35393E07061DbFB9b8d81f3A61421d4Ee92,5,false
0xe83d8437D557D5d89452658A2b26E9CA498edAA1,5,false
0x3d1D3409C6Fe9E6bEd6496E53d94E5A1C57c3767,5,false
0x07968F66e9a86bC43815830ad9b6B9eEE9a77b9e,5,false
0xeBEc6485Fc3E889AEc6E6E92d080620927B4baE2,5,false
0xc6Bb98A680F06b9f3A19b016D9F90aE4b3E125c5,5,false
0xF4d8C2004A8e353D8b9daFd602339a114F438ec8,5,false
0xcE9f38DF0a197fB860b5Af285C411543396765EE,5,false
0xBBD66E3ba2D86eCd0113fc87a17d349b4f39fed2,5,false
0x064f1D320F9AA6DF3C25563145bD862a3c7EAa49,5,false
0xa382b2C378E210a138979f8BEad526D439916Aef,5,false
0xC3141A3d2F72D3Cc4d08ba346b1a4064036BaD94,5,false
0x7193D59B5942B14771Db8FDaC94D49E076A79ffE,5,false
0xcdc1F76Ef38a912bb05C8aD268fc02CCDAC9d024,5,false
0x929A897Ce491CE5338657B2a05c4197B13F51218,5,false
0xB11EAbb59B62805fd10b9BC818407F0f1816a7C3,5,false
0xc5414efaf9DC411BBcbBAb0aCF7503CE912a12d1,5,false
0x83A8a2D305Fa4fF95683B11Da62e1c343aF5e79A,5,false
0x3945e67d229691Fd04C23767d7E647c8BCe845D4,5,false
0x77cD3af94798197F11f6eae47Eb8d7C0545165a3,5,false
0x477EEB3BE871cE62C49A1e7D35E19B6dF87CA0B8,5,false
0xA64Dbfc9f252Fb1F29e1928EA69BC0114F5A0028,5,false
0x760c4513BD539D7CCf9eA8b317410D442a02195B,5,false
0xa44Cfb7Aa145ebD6305667dd3D96b9a380d3b67F,5,false
0xAa1cED30e13201F7Cf870Ea2C06751985fcc977B,5,false
0xeb5126Bc5FDdbA36B82a122f358E6AcfA068F999,5,false
0x97B1825bB8131b0576B521c0af3c4aa49888064b,5,false
0x0d23d5Cc7028C1cEEf897eB1B6B80333EDDE4b6d,5,false
0x6073D189F84E69000B4d1A740E993050E0ac2f45,5,false
0x14775e6cBf8aED12Af119F767D98b531DFdf7478,5,false
0xD110B9e68d4cf20806493Dc802cF467F3b8ff031,5,false
0xe660a6Cd5264F42DA9a50CA6F0Ae9215ec8FAf25,5,false
0x88B510B111d20689B06a0B8646B00321233D3Bb6,5,false
0x6D274cA4bA123769985d21a60D8ae14ecab1a43B,5,false
0x043e5Ea7D6101f098D6A8390848459dc507931BC,5,false
0x87c9306666d38D82701A94145E1c34CB8948a1B8,5,false
0x2B6758220F18082a053863f32a827baB79c245c7,5,false
0xC9C0786Cd5179ca400e5Ed5c3e896AB062d62452,5,false
0x71816216269DdA65A20A470E59f08fc1699562DC,5,false
0x61A05b02397D9533b44572d6F80a40549f38bca1,5,false
0x7542068Ca63f63B5D255D05dE6e133efE52EdE57,5,false
0x33F6e155cAADA69464fBa3921D612aB1a5FF9614,5,false
0x8632916c7F325dC821c969A215fA5241406a4a8C,5,false
0x78D9d2D0b245AAC112B80484Ecc152d7b5d36262,5,false
0x1ddD52DD3EBcA9929099822E3B1A6b4AB2FC16A9,5,false
0xEED3f651462ED5058fE358465b3356e0E4217426,5,false
0x4f4979F5f1c08222F22c25551736a51e01E26f8A,5,false
0xAE29d086B84032459a1923ecd986eD4fC653CfBC,5,false
0xBc059cE2098C49F06040B2271AC3CBe82088BFCD,5,false
0xCDB8BDB7E8F7c10e0630bb3834778b5f070cFA0b,5,false
0x6D053F09684EE1C231b417CC1e502Ef50b1b5697,5,false
0x07837Dd51e07E9D8aB52F65A5486180954DC30B0,5,false
0x14dDa61f20793300Af06aD74c140eBCf495Aa6f0,5,false
0xf40C777bC7Bd3F5B104416c6c0E759D17E1711b8,5,false
0xACe2fFAFBd775b9F1517cF0Fc9F62aA06b9F7c21,5,false
0xDB5aB977776DD72D2793b7c6a002120962CE962A,5,false
0x1e7e4fdbc369cd92802eE053a0FD20a2ab58680E,5,false
0xE537f8be4eeEB96E782263136931053f33325bc6,5,false
0xF2AF16d282C5AE56062e000D2B9BF0f25D2fFab5,5,false
0x94d2197161a8e95Ab7BB808e8d38231D5Cb4e75e,5,false
0x8AE0e79dC6993C239d893a9D521481a7Bb9702cC,5,false
0x7aEaB0f806881a207b751cDecfCB85fCF2272f0c,5,false
0xC14E3a9b180a896C4e4e226E6a2899d22A3D6a16,5,false
0x0eF695073949eb9277112AE4b766142Cd8b6f06b,5,false
0xEECCf6125Fe33B8326c94E350956Fa89d55f7BDe,5,false
0xD7Cd497dc63246758498ABF19E9408E287daFbd3,5,false
0x7C5858050B9B073e56d6f812BEae93FB8d6Ffd4e,5,false
0xFa2979d80Da584D3A4FcC97F8a2d6D69adC51FeF,5,false
0x1847CD0E9BE44bb7190556FaF9673A3CC6DeE719,5,false
0x8BcbC14cBbEEbd3690845fdd2c38B494A29689dF,5,false
0x9AEFb6Fd4A2351f9a739111c74B8b93cBF1efe5e,5,false
0x7b18DbA5218D52115431057eefB6742a0CB0223B,5,false
0xEDcF12b46f57207Ec537Eb73C4E2C103A32B233A,5,false
0xEB9BB1758dB0eb2586f7bAe80909Acf9DDb8A714,5,false
0x50dE101304dd2f6F4894cEFDEA45B8347E0e66fd,5,false
0x096743f99Aa8A9Aa708d5B8bBFd12fde29B2A82d,5,false
0x56c32C505A1c248993D13f55899421eefE5cf0CC,5,false
0xBFB25aA15654Cb3B4DAB4dAbE24E95d2Ad7B8f98,5,false
0x29990b31bA7CFB1B9f6dcC8bFf0811101B6b173C,5,false
0x13Bc8FA3a31fC4e2650a1943058CC6b8223Fb933,5,false
0xaf75935799De375Df9d37Cf94b1cF2D44e5Ef4e2,5,false
0xcda7557993e7fb8f366c06be49a29858954666e8,5,false
0xc58e35848A8DaF69805A7d9Fe4aE0Ef8B128C988,5,false
0x7d44fc1cfa185c33781ff1a5395e8774db3e7a78,5,false
0x23E2f3C97536363f49a24735F032db65A13d087C,5,false
0x5D8A52e816b7A29789C32dD21A034caDDd2bC750,5,false
0xD57237f6bcd74743ab0728D35113802bA95Ac1A0,5,false
0x27542575568B139c498899059c86ab3c067BBaeF,5,false
0xFd25bFD8cbf9e63EDA32616ca2C47fB9c863f789,5,false
0x104CDcf5d1D7bAf2874735a8B2956B6BCaa6EAFa,5,false
0xF64fe498Fc650A60C004D280eb2Cac6800f539E6,5,false
0xbc2a4C83E45482713dB9ccb146b65248d53c777C,5,false
0x78A148E5FC360B5cC01cA94264b3042cC26dCc44,5,false
0x2Bb2C59bA4E308098932e898B28390f07aD698dc,5,false
0x553F49Ca80aD5E78b563A05E4D28Fdd1fB44B00b,5,false
0x1EcD251Bb54b377D4fC5D7CA88B93a8c05936E5e,5,false
0x6F1F6587f88E807972DE8B0c80550671553E684B,5,false
0xf360a14D2981f9f75F6e0F6ebbDf2d3f9BB8b474,5,false
0x68aE1A102365245cE8234737D5E899607b1d7B64,5,false
0xeBEdc13CC19F0555699332f624171805e24F2f24,5,false
0x6059A9D75429f85cea103Fa8Ea104410191BdDFA,5,false
0x91Dc5a5157734Bc3D98B50093D0C6C613e75e45C,5,false
0xc950fc8e4cab8fb409a9b72882b74d332194c096,5,false
0x643C6E20CD4D0c0bAfaE37C9C086f6ffe486c844,5,false
0xcc4beec508e1e942465d480e2cd1109f238e0150,5,false
0xbe7726a888EB251851c2c30045F21BD946F68Fb6,5,false
0xE59A4183dF94bC7b12fCC60EB1e275Cc8E8d3E9D,5,false
0x8DF787eE49951B7Fc9e64FAb03211EB6Eb9E4e16,5,false
0x159d605A94DF6B64e0A4332d6AAEeA08a06cc995,5,false
0x6353FC6aE3ba2A34ecD41B9775d1CFa7e8A941a4,7,false
0x6c97B5f4baD772e0FDA031a75ad487D01e3997Aa,5,false
0x9C5EC809c750fA44d15824cB37640C0f362B0Eae,7,false
0x1F753Fdf63CE581243ff4E69d0164ec5BEab9d6b,5,false
0xD6d57d174BE03101c29C1EB3a335559014896BC7,5,false
0x373FC2d830B2fcF7731F42Ab9D0D89E552da6ccB,5,false
0x0cEb7ac7D4EDe1a3120A91862dB20FeF3d56beeB,7,false
0xfb482Bc446203bfF024E3469E0a0FAD144b18187,5,false
0x1C4677Dd9009AF0b0bE306A072096286E3a4f031,5,false
0xb54f3b5E07bDbf720b0279710d94a73bC7a7Cd6D,5,false
0x3a1878587a4B8a33dE38927eCB7Fe0B2F667ed91,5,false
0x7fa19aF46406dc7d8D576965C39Daf7b3b145368,5,false
0xced879613A98CC09BEa9a8F49bc4a956c5860039,5,false
0x70722bd3897b79a89D6d9EAA88169f86a6B8FbAA,5,false
0xC5E7E07471F7c61A4Cc23bd944D87c38311a7F5F,5,false